GEOID,geometry,TRACT
37031970503,"list(list(c(-76.771997, -76.768801, -76.764455, -76.754532, -76.754412, -76.750548, -76.74882, -76.747188, -76.741843, -76.739026, -76.737594, -76.737076, -76.736928, -76.736179, -76.735255, -76.734756, -76.73057, -76.730059, -76.729704, -76.728532, -76.729107, -76.732469, -76.736876, -76.738733, -76.739098, -76.739345, -76.73994, -76.740212, -76.742174, -76.742895, -76.744665, -76.746578, -76.747055, -76.748729, -76.751635, -76.751929, -76.752492, -76.759207, -76.761386, -76.765403, -76.765482, 
-76.770121, -76.770737, -76.772783, -76.771997, 34.736221, 34.73625, 34.737579, 34.73888, 34.738882, 34.739115, 34.739957, 34.739208, 34.738596, 34.738309, 34.736559, 34.736327, 34.736263, 34.735939, 34.735645, 34.735517, 34.73439, 34.734247, 34.734148, 34.731561, 34.727955, 34.728071, 34.730512, 34.732989, 34.733186, 34.734048, 34.734158, 34.734587, 34.734382, 34.733712, 34.733453, 34.733007, 34.733067, 34.733124, 34.732726, 34.732666, 34.732671, 34.732626, 34.732341, 34.732326, 34.732555, 34.732604, 
34.732882, 34.733917, 34.736221)))",970503
37031970601,"list(list(c(-76.945054, -76.941357, -76.935937, -76.906202, -76.904303, -76.90111, -76.900545, -76.9011777509505, -76.902657, -76.9034969774636, -76.9048231020222, -76.907293, -76.911108, -76.915143377959, -76.915289, -76.9154042726951, -76.919751, -76.9228516096885, -76.9234708260015, -76.928617, -76.932441, -76.936382, -76.9385680967313, -76.940961, -76.945733, -76.945054, 34.723357, 34.724717, 34.72551, 34.729418, 34.729501, 34.729282, 34.729218, 34.7266895439723, 34.726495, 34.7257874693711, 
34.7246704468514, 34.72259, 34.721212, 34.7204273163643, 34.720399, 34.7203937814692, 34.720197, 34.7191681263587, 34.7189626521434, 34.717255, 34.716207, 34.717255, 34.7164271708358, 34.718108, 34.723096, 34.723357)))",970601
37031970401,"list(list(c(-76.768493, -76.76778, -76.766984, -76.765821, -76.765403, -76.761386, -76.759207, -76.752492, -76.751929, -76.751635, -76.748729, -76.747055, -76.746578, -76.744665, -76.742895, -76.742174, -76.742944, -76.740825, -76.741111, -76.759649, -76.762401, -76.769262, -76.768493, 34.728472, 34.729439, 34.730153, 34.730985, 34.732326, 34.732341, 34.732626, 34.732671, 34.732666, 34.732726, 34.733124, 34.733067, 34.733007, 34.733453, 34.733712, 34.734382, 34.727251, 34.726354, 34.723666, 34.725238, 
34.724819, 34.727059, 34.728472)))",970401
37031970101,"list(list(c(-76.4026836698906, -76.400562, -76.400604, -76.395544, -76.393804, -76.392263, -76.383217, -76.377896, -76.376101, -76.366612, -76.363785, -76.361226, -76.358546, -76.356919, -76.35428, -76.350455, -76.3411819323462, -76.34132, -76.33419, -76.339894, -76.336804, -76.329674, -76.317552, -76.314087, -76.319968, -76.326109, -76.3270059989625, -76.3272170371517, -76.3309052759251, -76.331373, -76.331689004791, -76.3355435921194, -76.338468, -76.341558, -76.344886, -76.346787, -76.3560213785008, 
-76.3657288281347, -76.368275, -76.377155, -76.379642, -76.383009, -76.382201, -76.38648, -76.393135, -76.395749, -76.398839, -76.396224, -76.391946, -76.391708, -76.3967, -76.402404, -76.4026836698906, 34.8863161196977, 34.89031, 34.891698, 34.89007, 34.890032, 34.890526, 34.898112, 34.902792, 34.905163, 34.922492, 34.92651, 34.92625, 34.928358, 34.927953, 34.925873, 34.926067, 34.9273081938172, 34.924816, 34.921503, 34.918385, 34.909809, 34.90864, 34.907665, 34.906322, 34.897745, 34.89207, 34.8908444649433, 
34.8905561316119, 34.8855170333486, 34.884878, 34.8847294176204, 34.8829170281451, 34.881542, 34.878812, 34.878032, 34.873353, 34.8731501599659, 34.8729369285704, 34.872881, 34.867553, 34.86258, 34.86105, 34.856971, 34.855411, 34.857556, 34.860872, 34.865747, 34.870428, 34.873938, 34.878617, 34.883882, 34.886611, 34.8863161196977)))",970101
37031970102,"list(list(c(-76.6769, -76.666169, -76.66195, -76.657434, -76.645547, -76.631052, -76.618693, -76.606096, -76.589696, -76.585705723307, -76.578525, -76.574642, -76.580189, -76.579713, -76.573533, -76.566403, -76.564702, -76.556183, -76.543586, -76.527858, -76.514114, -76.51157, -76.510073, -76.504844, -76.497951, -76.491296, -76.4883584834025, -76.484166, -76.483215, -76.489613, -76.492009, -76.494624, -76.497476, -76.49588, -76.488682, -76.486543, -76.492722, -76.493911, -76.490458, -76.485813, -76.482264, 
-76.479412, -76.477036, -76.471331, -76.464676, -76.467766, -76.470618, -76.477511, -76.472757, -76.47038, -76.463469, -76.454218, -76.450891, -76.450653, -76.446137, -76.440195, -76.435763, -76.432566, -76.434966, -76.433065, -76.424033, -76.422607, -76.43045, -76.43354, -76.437581, -76.435917, -76.440433, -76.436868, -76.435917, -76.431639, -76.425462, -76.42332, -76.422131, -76.422369, -76.429975, -76.4271792461047, -76.422845, -76.415239, -76.408821, -76.4079735963314, -76.4032744599965, -76.403117, 
-76.400265, -76.398364, -76.3927319353681, -76.38743, -76.384816, -76.3803, -76.382677, -76.381488, -76.378154, -76.376007, -76.37008, -76.363425, -76.361761, -76.355106, -76.346754, -76.343935, -76.34037, -76.334903, -76.334903, -76.332045, -76.329674, -76.324445, -76.319454, -76.320642, -76.327888, -76.329558, -76.333952, -76.34037, -76.350828, -76.360816, -76.367465, -76.368654, -76.364138, -76.352291, -76.335388, -76.329199, -76.318547, -76.293683, -76.249314, -76.243872, -76.246962, -76.250764, 
-76.256706, -76.262411, -76.274295, -76.28808, -76.297587, -76.305668, -76.299675, -76.295448, -76.289269, -76.27786, -76.276672, -76.278573, -76.281187, -76.279524, -76.285941, -76.292358, -76.297825, -76.295924, -76.297604, -76.313512, -76.326584, -76.332051, -76.336091, -76.340845, -76.3411819323462, -76.350455, -76.35428, -76.356919, -76.358546, -76.361226, -76.363785, -76.366612, -76.376101, -76.377896, -76.383217, -76.392263, -76.393804, -76.395544, -76.400604, -76.400562, -76.4026836698906, 
-76.405732, -76.405256, -76.407633, -76.41001, -76.408821, -76.41161, -76.415001, -76.412149, -76.415239, -76.418566, -76.424033, -76.427598, -76.431401, -76.434253, -76.436868, -76.443998, -76.4445544250228, -76.449465, -76.4497114304226, -76.451366, -76.4587835555828, -76.4623862572444, -76.462733428184, -76.463017, -76.465987, -76.4712261372727, -76.471807, -76.473054, -76.47965, -76.484641, -76.485354, -76.487969, -76.487969, -76.490583, -76.4958626428362, -76.496534, -76.496786, -76.496424, 
-76.498174, -76.499237, -76.505727, -76.507724, -76.509474, -76.512449, -76.514814, -76.515814, -76.517381, -76.517802, -76.517663, -76.518053, -76.518982, -76.52463, -76.526208, -76.527424, -76.529352, -76.532564, -76.542239, -76.543216, -76.551984, -76.552788, -76.556163, -76.558247, -76.561661, -76.566977, -76.577341, -76.586381, -76.59063, -76.591365, -76.593929, -76.595102, -76.6039994237178, -76.604432, -76.6109931318476, -76.612425, -76.620714, -76.621156, -76.622769, -76.623084, -76.625141, 
-76.628367, -76.630532, -76.629316, -76.627902, -76.626274, -76.627337, -76.627695, -76.626651, -76.6276, -76.628975, -76.630572, -76.630003, -76.631668, -76.631101, -76.626435, -76.624722, -76.623265, -76.624063, -76.626764, -76.62859, -76.630232, -76.633144, -76.634387, -76.634558, -76.640284, -76.660584, -76.662462, -76.660633, -76.652571, -76.6772373782154, -76.676449, -76.675736, -76.6774, -76.6769, 34.968813, 34.974022, 34.980141, 34.982478, 34.984032, 34.98871, 34.987931, 34.984815, 34.97761, 
34.9771227797503, 34.976246, 34.983446, 34.987736, 34.990073, 34.992993, 34.99533, 34.998339, 35.000003, 35.00195, 35.002578, 35.004481, 35.005075, 34.996693, 34.992409, 34.98501, 34.985399, 34.986522095406, 34.988125, 34.99163, 34.993745, 35.000392, 35.004091, 35.00818, 35.011662, 35.015188, 35.020443, 35.020638, 35.023168, 35.031153, 35.0406, 35.044381, 35.044381, 35.038154, 35.043798, 35.046716, 35.053138, 35.058391, 35.058391, 35.069285, 35.075704, 35.076411, 35.06948, 35.066951, 35.062865, 35.058391, 
35.059753, 35.057941, 35.049061, 35.04263, 35.033484, 35.029007, 35.026672, 35.028229, 35.026477, 35.024531, 35.020638, 35.014604, 35.005454, 35.000976, 34.999029, 35.001464, 34.98871, 34.98092, 34.97722, 34.968651, 34.9616239725727, 34.95073, 34.953068, 34.962028, 34.9622306400077, 34.9633543465226, 34.963392, 34.957548, 34.94547, 34.9483802949671, 34.95112, 34.959691, 34.970209, 34.978194, 34.979168, 34.978611, 34.973864, 34.972351, 34.969235, 34.976441, 34.971378, 34.971903, 34.970404, 34.966313, 
34.967287, 34.970598, 34.970917, 34.96456, 34.96047, 34.965924, 34.975467, 34.981334, 34.986901, 34.992409, 34.997277, 35.015577, 35.025973, 35.031148, 35.034651, 35.036597, 35.033077, 35.02685, 35.023168, 35.020645, 35.009633, 35.000668, 34.996888, 34.987347, 34.98131, 34.977025, 34.975273, 34.987152, 34.996304, 34.994356, 34.991436, 34.984129, 34.975078, 34.968066, 34.960665, 34.954042, 34.949951, 34.946639, 34.941378, 34.938066, 34.937871, 34.934559, 34.929882, 34.923658, 34.926764, 34.934364, 
34.935923, 34.933974, 34.93339, 34.9273081938172, 34.926067, 34.925873, 34.927953, 34.928358, 34.92625, 34.92651, 34.922492, 34.905163, 34.902792, 34.898112, 34.890526, 34.890032, 34.89007, 34.891698, 34.89031, 34.8863161196977, 34.883102, 34.876863, 34.870818, 34.861457, 34.854631, 34.841268, 34.838246, 34.832198, 34.827711, 34.826735, 34.832588, 34.831418, 34.828881, 34.823028, 34.818736, 34.815809, 34.8157096638335, 34.814833, 34.8139476134738, 34.808003, 34.7934066308603, 34.7863171843753, 34.7856340165672, 
34.785076, 34.780432, 34.7771381850033, 34.776773, 34.769379, 34.763301, 34.760958, 34.754905, 34.7551, 34.758224, 34.76252, 34.7634995428552, 34.769192, 34.771595, 34.777431, 34.779853, 34.780849, 34.785567, 34.786614, 34.785161, 34.781343, 34.779509, 34.777266, 34.773162, 34.769582, 34.763973, 34.763257, 34.762599, 34.76232, 34.761494, 34.759818, 34.760338, 34.762082, 34.767708, 34.768087, 34.77009, 34.770523, 34.774179, 34.775955, 34.778439, 34.780148, 34.781107, 34.783228, 34.784385, 34.78489, 
34.788228, 34.78877, 34.7893275521772, 34.789852, 34.7888541558733, 34.792675, 34.807907, 34.814273, 34.815485, 34.81818, 34.819112, 34.818429, 34.821074, 34.822628, 34.822612, 34.82413, 34.825329, 34.83087, 34.831371, 34.833769, 34.835639, 34.836734, 34.838181, 34.844135, 34.847722, 34.879017, 34.890597, 34.893374, 34.893434, 34.896915, 34.897023, 34.897784, 34.897381, 34.898248, 34.899448, 34.902235, 34.910329, 34.912257, 34.915578, 34.937595, 34.9577117788815, 34.958912, 34.964366, 34.966508, 
34.968813)))",970102
37031970603,"list(list(c(-76.8894, -76.889003, -76.880714, -76.875287, -76.867196, -76.86512, -76.861841, -76.854628, -76.847059, -76.841111, -76.836908, -76.835698, -76.836525, -76.838319, -76.838456, -76.836913, -76.838022, -76.838383, -76.843075, -76.844981, -76.873044, -76.884685, -76.889213, -76.890586, -76.8894, 34.732732, 34.733567, 34.746111, 34.75449, 34.767159, 34.770405, 34.767765, 34.761946, 34.755795, 34.751027, 34.748374, 34.747612, 34.746713, 34.74269, 34.740137, 34.736464, 34.732566, 34.732681, 
34.734109, 34.734313, 34.734274, 34.731967, 34.72992, 34.729335, 34.732732)))",970603
37031970402,"list(list(c(-76.742174, -76.740212, -76.73994, -76.739345, -76.739098, -76.738733, -76.736876, -76.732469, -76.729107, -76.726666, -76.723901, -76.721682, -76.716285, -76.709561, -76.700314, -76.691207, -76.690796, -76.698276, -76.701541, -76.708327, -76.729721, -76.741111, -76.740825, -76.742944, -76.742174, 34.734382, 34.734587, 34.734158, 34.734048, 34.733186, 34.732989, 34.730512, 34.728071, 34.727955, 34.727173, 34.726895, 34.727128, 34.728557, 34.730511, 34.730597, 34.728429, 34.72109, 34.720623, 
34.720895, 34.721057, 34.722766, 34.723666, 34.726354, 34.727251, 34.734382)))",970402
37031970703,"list(list(c(-76.882312, -76.858577, -76.855252, -76.854327, -76.854263, -76.853791, -76.853366, -76.853288, -76.852983, -76.852858, -76.852443, -76.849506, -76.848026, -76.845588, -76.843679, -76.843968, -76.842526, -76.842011, -76.844003, -76.844045, -76.844219, -76.844358, -76.84444, -76.844443, -76.84435, -76.841924, -76.840132, -76.839504, -76.837012, -76.837332, -76.83788, -76.839923, -76.845424, -76.845873, -76.846688, -76.847913, -76.850342, -76.851529, -76.853027, -76.854628, -76.861841, 
-76.86512, -76.870469, -76.87199, -76.873323, -76.876409, -76.876483, -76.877394, -76.879893, -76.879935, -76.879066, -76.8765, -76.876022, -76.876837, -76.882306, -76.882358, -76.882312, 34.840714, 34.802698, 34.797479, 34.798298, 34.798223, 34.796762, 34.795846, 34.795451, 34.794198, 34.792965, 34.790544, 34.786895, 34.786274, 34.786438, 34.784852, 34.783989, 34.782442, 34.779821, 34.777848, 34.777613, 34.777531, 34.777173, 34.777065, 34.776749, 34.776752, 34.77336, 34.773004, 34.771277, 34.769793, 
34.768495, 34.768503, 34.767015, 34.764457, 34.764238, 34.762877, 34.761952, 34.760998, 34.761224, 34.761843, 34.761946, 34.767765, 34.770405, 34.774873, 34.777384, 34.781015, 34.789305, 34.789521, 34.793687, 34.81179, 34.812863, 34.815914, 34.821466, 34.823648, 34.827062, 34.836685, 34.837306, 34.840714)))",970703
37031970200,"list(list(c(-76.547567, -76.545428, -76.538298, -76.534257, -76.526414, -76.521898, -76.519521, -76.520947, -76.5217607202562, -76.522849, -76.5244270229239, -76.525939, -76.529504, -76.535446, -76.539486, -76.544002, -76.546854, -76.546854, -76.547567, 34.710625, 34.712384, 34.711993, 34.71082, 34.709648, 34.709648, 34.707108, 34.703005, 34.7013330658457, 34.699097, 34.699097, 34.699097, 34.699488, 34.70066, 34.701246, 34.701246, 34.703982, 34.706327, 34.710625)), list(c(-76.586309, -76.579179, 
-76.573237, -76.568721, -76.56064, -76.561591, -76.564918, -76.564205, -76.5587645253552, -76.557312, -76.555411, -76.555411, -76.553034, -76.544953, -76.53806, -76.525939, -76.525226, -76.525701, -76.528078, -76.532831, -76.539011, -76.546379, -76.558738, -76.5597582215528, -76.566106, -76.574425, -76.581556, -76.584645, -76.585834, -76.58726, -76.586309, 34.713947, 34.714142, 34.712774, 34.71297, 34.710039, 34.706717, 34.704568, 34.702223, 34.7006807560633, 34.700269, 34.699488, 34.696752, 34.696947, 
34.696752, 34.69597, 34.691866, 34.688544, 34.685222, 34.683853, 34.686785, 34.688544, 34.690107, 34.69343, 34.6936735626644, 34.695189, 34.697143, 34.699097, 34.701832, 34.706522, 34.711797, 34.713947)))",9702
37031970403,"list(list(c(-76.781046, -76.777054, -76.774809, -76.769262, -76.762401, -76.759649, -76.741111, -76.729721, -76.708327, -76.701541, -76.698276, -76.690796, -76.692721, -76.6927737848951, -76.694748, -76.70344, -76.7052010398633, -76.7059601963606, -76.706569, -76.714024, -76.715956, -76.716651, -76.718969, -76.720923, -76.729908980581, -76.734383, -76.7412972991426, -76.746551, -76.755823, -76.760111, -76.768455, -76.773322, -76.78016, -76.78082479634, -76.780548, -76.781046, 34.727714, 34.729097, 
34.729078, 34.727059, 34.724819, 34.725238, 34.723666, 34.722766, 34.721057, 34.720895, 34.720623, 34.72109, 34.7176, 34.7159139372866, 34.715826, 34.715255, 34.7164340918867, 34.716942379794, 34.71735, 34.715756, 34.716493, 34.718684, 34.718398, 34.717966, 34.720099002077, 34.721161, 34.7215939960508, 34.721923, 34.722494, 34.721542, 34.724399, 34.724304, 34.72478, 34.7249102826024, 34.725735, 34.727714)))",970403
37031970704,"list(list(c(-76.883052, -76.840381, -76.788024, -76.781282, -76.771766, -76.76643, -76.762155, -76.760799, -76.760032, -76.758008, -76.756005, -76.75597, -76.755154, -76.752487, -76.693018, -76.693024, -76.693031, -76.69185, -76.691877, -76.689105, -76.689305, -76.689967, -76.691194, -76.691386, -76.690895, -76.689915, -76.688013, -76.686594, -76.686022, -76.686352, -76.685721, -76.685054, -76.686144, -76.686043, -76.685771, -76.671227, -76.673213, -76.67372, -76.674288, -76.676836, -76.683855, -76.691573, 
-76.702607, -76.7132, -76.720236, -76.728901, -76.737431, -76.746995, -76.750366, -76.752234, -76.754512, -76.757141, -76.762535, -76.763746, -76.766001, -76.773495, -76.7786, -76.779546, -76.781895, -76.785577, -76.788927, -76.791077, -76.794216, -76.793842, -76.795858, -76.798318, -76.801332, -76.802699, -76.802644, -76.803312, -76.805045, -76.805324, -76.80461, -76.805955, -76.808847, -76.809826, -76.809347, -76.810239, -76.81175, -76.816297, -76.816875, -76.819155, -76.820704, -76.822432, -76.824707, 
-76.829261, -76.829432, -76.830982, -76.83239, -76.83336, -76.837332, -76.837012, -76.839504, -76.840132, -76.841924, -76.84435, -76.844443, -76.84444, -76.844358, -76.844219, -76.844045, -76.844003, -76.842011, -76.842526, -76.843968, -76.843679, -76.845588, -76.848026, -76.849506, -76.852443, -76.852858, -76.852983, -76.853288, -76.853366, -76.853791, -76.854263, -76.854327, -76.855252, -76.858577, -76.882312, -76.882544, -76.883052, 34.844896, 34.845591, 34.846423, 34.846528, 34.846677, 34.848795, 
34.848232, 34.846612, 34.84705, 34.846285, 34.847228, 34.847245, 34.847629, 34.848137, 34.86918, 34.869234, 34.87101, 34.871067, 34.869641, 34.840513, 34.837215, 34.832607, 34.827957, 34.825319, 34.822345, 34.818838, 34.814045, 34.80976, 34.806175, 34.80215, 34.796582, 34.790695, 34.784248, 34.775014, 34.7738, 34.756569, 34.750161, 34.749039, 34.747782, 34.750161, 34.755776, 34.760876, 34.764346, 34.767342, 34.768331, 34.768517, 34.766448, 34.762564, 34.762069, 34.761108, 34.759137, 34.757141, 34.754411, 
34.754096, 34.753805, 34.753621, 34.75403, 34.753837, 34.752326, 34.752423, 34.75425, 34.754754, 34.758472, 34.760197, 34.762372, 34.761806, 34.762708, 34.764602, 34.766458, 34.766842, 34.76658, 34.765639, 34.763835, 34.762143, 34.76223, 34.76339, 34.765075, 34.765948, 34.762881, 34.764345, 34.766827, 34.766161, 34.7648, 34.766702, 34.766376, 34.767046, 34.769753, 34.768938, 34.76706, 34.766849, 34.768495, 34.769793, 34.771277, 34.773004, 34.77336, 34.776752, 34.776749, 34.777065, 34.777173, 34.777531, 
34.777613, 34.777848, 34.779821, 34.782442, 34.783989, 34.784852, 34.786438, 34.786274, 34.786895, 34.790544, 34.792965, 34.794198, 34.795451, 34.795846, 34.796762, 34.798223, 34.798298, 34.797479, 34.802698, 34.840714, 34.843297, 34.844896)))",970704
37031970806,"list(list(c(-77.113124, -77.112572, -77.108561, -77.108031, -77.105153, -77.105987, -77.105993, -77.105994, -77.099687, -77.095891, -77.093193, -77.091095, -77.088579, -77.087417, -77.084637, -77.083248, -77.081912, -77.080653, -77.078893, -77.07641, -77.076056, -77.075432, -77.075358, -77.073842, -77.072182, -77.069832, -77.067846, -77.06473, -77.063637, -77.061562, -77.061076, -77.060369, -77.059865, -77.059222, -77.059009, -77.058383, -77.05802, -77.056042, -77.054561, -77.053576, -77.053462, 
-77.052027, -77.047666, -77.047319, -77.048875, -77.046928, -77.046951, -77.047007, -77.046961, -77.046021, -77.045887, -77.046969, -77.047088, -77.046797, -77.046719, -77.045211, -77.044745, -77.04584, -77.046262, -77.045331, -77.0449964002233, -77.045435, -77.048242, -77.0491415722935, -77.049492, -77.051194981352, -77.051346, -77.0524495557625, -77.053548, -77.0559268130749, -77.056213, -77.056677, -77.0564752597609, -77.054011, -77.054823, -77.0586895703988, -77.059227, -77.061199, -77.064789, 
-77.06694559663, -77.0696131009336, -77.069773, -77.0735585065934, -77.073829, -77.0752305511986, -77.078034, -77.081246, -77.083564, -77.083216, -77.0833019872281, -77.083332, -77.092719, -77.0949737760816, -77.100252, -77.105004, -77.109176, -77.1115151908125, -77.113, -77.112768, -77.1129825425025, -77.1132981312984, -77.113124, 34.683284, 34.683946, 34.687346, 34.688183, 34.694712, 34.706657, 34.709764, 34.710106, 34.711633, 34.712349, 34.712551, 34.712573, 34.712331, 34.711879, 34.709773, 34.709168, 
34.708877, 34.708825, 34.709069, 34.710005, 34.710222, 34.710709, 34.710803, 34.712195, 34.712103, 34.711125, 34.711228, 34.711551, 34.711855, 34.712093, 34.712051, 34.712332, 34.712465, 34.712753, 34.712815, 34.712678, 34.712205, 34.712375, 34.711386, 34.711074, 34.710987, 34.708424, 34.706181, 34.703389, 34.703164, 34.699933, 34.699753, 34.69932, 34.696932, 34.697149, 34.696192, 34.695759, 34.695174, 34.695127, 34.691757, 34.691696, 34.690408, 34.687631, 34.686739, 34.685911, 34.6854866191938, 
34.685146, 34.683947, 34.6844673126146, 34.68467, 34.686158041958, 34.68629, 34.6869585483139, 34.687624, 34.6873687127432, 34.687338, 34.68629, 34.6859438785246, 34.681716, 34.680953, 34.680367395446, 34.680286, 34.679432, 34.67981, 34.6792738797703, 34.6786107501893, 34.678571, 34.6782154087741, 34.67819, 34.6775457197463, 34.676257, 34.676569, 34.675997, 34.674377, 34.6735297292955, 34.673234, 34.672948, 34.6733757279995, 34.674377, 34.675521, 34.677522, 34.6799125747111, 34.68143, 34.682478, 
34.68270209885, 34.6830317448894, 34.683284)))",970806
37031970502,"list(list(c(-76.77017, -76.769571, -76.766494, -76.766001, -76.763746, -76.762535, -76.757141, -76.754512, -76.752234, -76.750366, -76.746995, -76.737431, -76.728901, -76.720236, -76.722288, -76.722637, -76.721944, -76.721994, -76.723096, -76.723421, -76.724559, -76.724996, -76.725433, -76.727902, -76.728265, -76.728276, -76.728356, -76.728439, -76.728825, -76.7289, -76.730947, -76.731024, -76.731293, -76.731282, -76.729704, -76.730059, -76.73057, -76.734756, -76.735255, -76.736179, -76.736928, -76.737076, 
-76.737594, -76.739026, -76.741843, -76.747188, -76.74882, -76.750548, -76.754412, -76.754532, -76.764455, -76.768801, -76.771997, -76.77017, 34.740869, 34.745694, 34.748509, 34.753805, 34.754096, 34.754411, 34.757141, 34.759137, 34.761108, 34.762069, 34.762564, 34.766448, 34.768517, 34.768331, 34.760306, 34.75981, 34.759612, 34.759292, 34.758452, 34.757928, 34.757596, 34.756661, 34.756738, 34.757225, 34.747313, 34.746788, 34.746187, 34.745911, 34.744819, 34.744588, 34.740531, 34.74023, 34.737655, 
34.737392, 34.734148, 34.734247, 34.73439, 34.735517, 34.735645, 34.735939, 34.736263, 34.736327, 34.736559, 34.738309, 34.738596, 34.739208, 34.739957, 34.739115, 34.738882, 34.73888, 34.737579, 34.73625, 34.736221, 34.740869)))",970502
37031970804,"list(list(c(-77.054235, -77.05404, -77.053966, -77.053897, -77.05386, -77.053785, -77.05375, -77.053697, -77.053675, -77.053712, -77.053729, -77.053491, -77.053413, -77.050659, -77.050569, -77.049905, -77.047725, -77.04877, -77.048436, -77.045687, -77.043861, -77.04474, -77.043078, -77.040761, -77.039261, -77.038254, -77.036327, -77.033513, -77.033062, -77.029981, -77.02962, -77.028162, -77.026752, -77.026391, -77.021925, -77.019874, -77.012581, -77.008632, -76.999558, -76.997755, -76.996677, -76.995498, 
-76.99196, -76.985288, -76.979914, -76.977695, -76.976842, -76.977195, -76.97846, -76.980032, -76.982001, -76.981209, -76.9769, -76.972369, -76.954801, -76.951183, -76.948413, -76.945733, -76.940961, -76.9385680967313, -76.939168, -76.940554, -76.945305, -76.950752, -76.953997, -76.960139, -76.961878, -76.967556, -76.970222, -76.971672929369, -76.971728, -76.97254, -76.975205, -76.977639, -76.981, -76.986331, -76.990271, -76.995662, -76.998963, -77.00186, -77.003946, -77.005215, -77.008466, -77.009045, 
-77.008814, -77.010157561938, -77.011943, -77.012058101582, -77.0123005039189, -77.014398, -77.017158, -77.017158, -77.0169996698292, -77.016115, -77.016926, -77.018151, -77.019939, -77.022257, -77.024111, -77.025618, -77.0260200589711, -77.027125, -77.028283, -77.0285273935089, -77.028747, -77.030496, -77.033846, -77.036604, -77.0381397270762, -77.038366, -77.040336, -77.0404108506847, -77.0415209463716, -77.04219, -77.043349, -77.0449964002233, -77.045331, -77.046262, -77.04584, -77.044745, -77.045211, 
-77.046719, -77.046797, -77.047088, -77.046969, -77.045887, -77.046021, -77.046961, -77.047007, -77.046951, -77.046928, -77.048875, -77.047319, -77.047666, -77.052027, -77.053462, -77.053576, -77.054561, -77.054235, 34.711537, 34.711598, 34.711661, 34.711711, 34.711745, 34.711806, 34.711803, 34.711791, 34.711808, 34.711823, 34.711852, 34.711981, 34.712003, 34.712571, 34.714434, 34.715242, 34.715549, 34.717037, 34.719275, 34.718609, 34.719425, 34.720765, 34.722539, 34.724158, 34.726855, 34.727348, 
34.731898, 34.735504, 34.73673, 34.738299, 34.739464, 34.740654, 34.740871, 34.741788, 34.747854, 34.747737, 34.749776, 34.748385, 34.74361, 34.742093, 34.740126, 34.73945, 34.739182, 34.737223, 34.735098, 34.732293, 34.730097, 34.728014, 34.726438, 34.72563, 34.721609, 34.714779, 34.715746, 34.71664, 34.72079, 34.721336, 34.722156, 34.723096, 34.718108, 34.7164271708358, 34.7162, 34.71373, 34.711158, 34.711254, 34.709444, 34.708872, 34.707252, 34.706776, 34.709062, 34.7092460156105, 34.709253, 34.708014, 
34.705156, 34.703251, 34.701631, 34.701059, 34.698963, 34.696876, 34.695057, 34.694485, 34.69296, 34.692473, 34.693437, 34.695057, 34.696677, 34.6965129729433, 34.696295, 34.696247505946, 34.6961474841264, 34.695282, 34.69458, 34.692008, 34.6916896698292, 34.689911, 34.687815, 34.687345, 34.688386, 34.689435, 34.688958, 34.688291, 34.6878334478198, 34.686576, 34.684861, 34.6836058497163, 34.682478, 34.681814, 34.68143, 34.68235, 34.6859505042859, 34.686481, 34.68953, 34.6895377111547, 34.6896520737632, 
34.689721, 34.686766, 34.6854866191938, 34.685911, 34.686739, 34.687631, 34.690408, 34.691696, 34.691757, 34.695127, 34.695174, 34.695759, 34.696192, 34.697149, 34.696932, 34.69932, 34.699753, 34.699933, 34.703164, 34.703389, 34.706181, 34.708424, 34.710987, 34.711074, 34.711386, 34.711537)))",970804
37031970903,"list(list(c(-77.034944, -77.024297, -77.024753, -77.021804, -77.01449, -77.012963, -77.0126196250301, -77.012445, -77.0107048843327, -77.010259, -77.008357, -77.005125, -77.002368, -77.000086, -76.997899, -76.994477, -76.992005, -76.987441, -76.985065, -76.982212, -76.97898, -76.974987, -76.97261, -76.968237, -76.964719, -76.960726, -76.955973, -76.951504, -76.947796, -76.945705, -76.941427, -76.9361801843445, -76.933345, -76.931444, -76.928212, -76.921556, -76.911764, -76.9108956315442, -76.910409810462, 
-76.9100683682551, -76.9104888989619, -76.9105196729472, -76.919666, -76.9208448862243, -76.9337816933973, -76.935351, -76.9357388629164, -76.952747, -76.9536174595859, -76.962108, -76.9642820313705, -76.969322, -76.9713620716025, -76.994117, -76.9953641374625, -76.9983653881217, -77.0107100201389, -77.014274, -77.033632, -77.0338743853971, -77.034944, 34.664831, 34.667105, 34.669041, 34.669829, 34.67333, 34.674334, 34.6745112932002, 34.674081, 34.6723377002235, 34.671891, 34.671735, 34.672751, 34.67197, 
34.672986, 34.673455, 34.673299, 34.673142, 34.674628, 34.674472, 34.675175, 34.67541, 34.676895, 34.676895, 34.676739, 34.677834, 34.678224, 34.678303, 34.67885, 34.678694, 34.679475, 34.680101, 34.6808625088795, 34.681274, 34.682368, 34.682603, 34.682915, 34.684401, 34.6845473673907, 34.6846292547091, 34.6824265835963, 34.6823620607392, 34.6823573390259, 34.680954, 34.6807766221556, 34.6788301213632, 34.678594, 34.6785312364848, 34.675779, 34.6756480730587, 34.674371, 34.6740181041399, 34.6732, 
34.6728378142692, 34.668798, 34.6685535469507, 34.6679652678737, 34.6655455803657, 34.664847, 34.660502, 34.6604439028361, 34.664831)))",970903
37031970805,"list(list(c(-77.131679, -77.12924, -77.128185, -77.125699, -77.125107, -77.123647, -77.120665, -77.120033, -77.116163, -77.115651, -77.112698, -77.111163, -77.11027, -77.107382, -77.103668, -77.101563, -77.098785, -77.09615, -77.092409, -77.090457, -77.089918, -77.090259, -77.089595, -77.08805, -77.084952, -77.079829, -77.078674, -77.078263, -77.058072, -76.965674, -76.957583, -76.954438, -76.954773, -76.938835, -76.938618, -76.938638, -76.939719, -76.939822, -76.938855, -76.939772, -76.939697, -76.936783, 
-76.935491, -76.933645, -76.92947, -76.927912, -76.929009, -76.931612, -76.933638, -76.933193, -76.929663, -76.9297, -76.9304, -76.931186, -76.931614, -76.933548, -76.935675, -76.935691, -76.935798, -76.935937, -76.941357, -76.945054, -76.945733, -76.948413, -76.951183, -76.954801, -76.972369, -76.9769, -76.981209, -76.982001, -76.980032, -76.97846, -76.977195, -76.976842, -76.977695, -76.979914, -76.985288, -76.99196, -76.995498, -76.996677, -76.997755, -76.999558, -77.008632, -77.012581, -77.019874, 
-77.021925, -77.026391, -77.026752, -77.028162, -77.02962, -77.029981, -77.033062, -77.033513, -77.036327, -77.038254, -77.039261, -77.040761, -77.043078, -77.04474, -77.043861, -77.045687, -77.048436, -77.04877, -77.047725, -77.049905, -77.050569, -77.050659, -77.053413, -77.053491, -77.053729, -77.053712, -77.053675, -77.053697, -77.05375, -77.053785, -77.05386, -77.053897, -77.053966, -77.05404, -77.054235, -77.054561, -77.056042, -77.05802, -77.058383, -77.059009, -77.059222, -77.059865, -77.060369, 
-77.061076, -77.061562, -77.063637, -77.06473, -77.067846, -77.067745, -77.067837, -77.068054, -77.068714, -77.070201, -77.071452, -77.07693, -77.078506, -77.078591, -77.084906, -77.086498, -77.092098, -77.092618, -77.092881, -77.096331, -77.097575, -77.099246, -77.101448, -77.117899, -77.119716, -77.128357, -77.129566, -77.131317, -77.131679, 34.798138, 34.797421, 34.795969, 34.796206, 34.79314, 34.792636, 34.79337, 34.794501, 34.793965, 34.797113, 34.796468, 34.798208, 34.801025, 34.803106, 34.802411, 
34.800715, 34.801023, 34.799243, 34.798981, 34.799481, 34.800762, 34.802759, 34.809147, 34.809241, 34.811148, 34.810041, 34.811289, 34.811322, 34.810897, 34.808921, 34.809026, 34.809066, 34.824508, 34.82719, 34.826485, 34.819299, 34.816614, 34.81447, 34.810772, 34.80725, 34.806067, 34.801239, 34.795548, 34.794631, 34.794236, 34.79223, 34.786858, 34.784835, 34.782208, 34.779583, 34.766867, 34.765963, 34.762929, 34.755497, 34.752057, 34.74608, 34.739216, 34.739059, 34.731427, 34.72551, 34.724717, 34.723357, 
34.723096, 34.722156, 34.721336, 34.72079, 34.71664, 34.715746, 34.714779, 34.721609, 34.72563, 34.726438, 34.728014, 34.730097, 34.732293, 34.735098, 34.737223, 34.739182, 34.73945, 34.740126, 34.742093, 34.74361, 34.748385, 34.749776, 34.747737, 34.747854, 34.741788, 34.740871, 34.740654, 34.739464, 34.738299, 34.73673, 34.735504, 34.731898, 34.727348, 34.726855, 34.724158, 34.722539, 34.720765, 34.719425, 34.718609, 34.719275, 34.717037, 34.715549, 34.715242, 34.714434, 34.712571, 34.712003, 34.711981, 
34.711852, 34.711823, 34.711808, 34.711791, 34.711803, 34.711806, 34.711745, 34.711711, 34.711661, 34.711598, 34.711537, 34.711386, 34.712375, 34.712205, 34.712678, 34.712815, 34.712753, 34.712465, 34.712332, 34.712051, 34.712093, 34.711855, 34.711551, 34.711228, 34.711871, 34.713946, 34.714675, 34.716076, 34.718407, 34.720364, 34.728329, 34.730492, 34.730608, 34.739194, 34.741345, 34.749162, 34.75098, 34.752091, 34.766381, 34.771596, 34.774521, 34.776254, 34.785962, 34.786727, 34.789616, 34.790225, 
34.792398, 34.798138)))",970805
37031970304,"list(list(c(-76.659972, -76.656943, -76.655698, -76.654732, -76.649919, -76.647499, -76.643244, -76.64136, -76.637169, -76.63542, -76.633889, -76.628962, -76.627974, -76.626453, -76.6244751261338, -76.622258, -76.627249, -76.627011, -76.615603, -76.6164699204277, -76.6172563413873, -76.619365, -76.642223, -76.6473767038178, -76.649997, -76.650331, -76.656182, -76.660771, -76.659972, 34.713742, 34.717458, 34.718969, 34.719616, 34.721741, 34.724463, 34.726467, 34.72786, 34.732655, 34.735072, 34.73713, 
34.734527, 34.732888, 34.734178, 34.7329816621368, 34.728343, 34.724631, 34.719356, 34.710174, 34.7087957301759, 34.7075454420954, 34.704193, 34.707829, 34.7089587670501, 34.709577, 34.711684, 34.711835, 34.712481, 34.713742)))",970304
37031970602,"list(list(c(-76.900545, -76.897593, -76.890586, -76.889213, -76.884685, -76.873044, -76.844981, -76.846927, -76.8458829734848, -76.846566, -76.851897, -76.856996, -76.861516, -76.869164, -76.875191, -76.877277, -76.881565, -76.885621, -76.8903060656501, -76.891995, -76.895588, -76.89976, -76.9011777509505, -76.900545, 34.729218, 34.728931, 34.729335, 34.72992, 34.731967, 34.734274, 34.734313, 34.729431, 34.7286212626668, 34.728495, 34.727352, 34.727638, 34.727543, 34.727066, 34.726209, 34.726304, 
34.727066, 34.726971, 34.7258508180027, 34.725447, 34.725447, 34.726876, 34.7266895439723, 34.729218)))",970602
37031970103,"list(list(c(-76.6039994237178, -76.595102, -76.593929, -76.591365, -76.59063, -76.586381, -76.577341, -76.566977, -76.561661, -76.558247, -76.556163, -76.552788, -76.551984, -76.543216, -76.542239, -76.532564, -76.529352, -76.527424, -76.526208, -76.52463, -76.518982, -76.518053, -76.517663, -76.517802, -76.517381, -76.515814, -76.514814, -76.512449, -76.509474, -76.507724, -76.505727, -76.499237, -76.498174, -76.496424, -76.496786, -76.496534, -76.4958626428362, -76.497951, -76.4979552825997, -76.4987910158699, 
-76.499615, -76.5006291524028, -76.504131, -76.507221, -76.514114, -76.512109, -76.510073, -76.5099001910797, -76.5079447881728, -76.50318, -76.500803, -76.501517, -76.498427, -76.499849, -76.502705, -76.5056462252623, -76.505795, -76.506745, -76.510311, -76.512687, -76.515777, -76.519818, -76.5199692971457, -76.521719, -76.5234247725343, -76.5241397619278, -76.524809, -76.5286222352311, -76.530038, -76.5335499131565, -76.534079, -76.5343877762222, -76.536931, -76.540294, -76.5411481499822, -76.5472908439653, 
-76.548577, -76.553093, -76.5531379369941, -76.5543648945824, -76.556421, -76.561649, -76.566403, -76.575673, -76.58209, -76.581377, -76.578049, -76.575197, -76.577122, -76.585893, -76.584174, -76.577574, -76.577812, -76.575673, -76.578762, -76.584234, -76.585655, -76.593736, -76.597619, -76.599441, -76.6039994237178, 34.7893275521772, 34.78877, 34.788228, 34.78489, 34.784385, 34.783228, 34.781107, 34.780148, 34.778439, 34.775955, 34.774179, 34.770523, 34.77009, 34.768087, 34.767708, 34.762082, 34.760338, 
34.759818, 34.761494, 34.76232, 34.762599, 34.763257, 34.763973, 34.769582, 34.773162, 34.777266, 34.779509, 34.781343, 34.785161, 34.786614, 34.785567, 34.780849, 34.779853, 34.777431, 34.771595, 34.769192, 34.7634995428552, 34.763887, 34.7638754416133, 34.7616198658222, 34.759396, 34.7592206118187, 34.758615, 34.757053, 34.754319, 34.751438, 34.747679, 34.7476055693707, 34.7467746720671, 34.74475, 34.740843, 34.737328, 34.732054, 34.729345, 34.729515, 34.7293284368442, 34.729319, 34.726194, 34.723459, 
34.720333, 34.719552, 34.71877, 34.7189566343012, 34.721115, 34.7212226458395, 34.7212677665294, 34.72131, 34.721737339041, 34.721896, 34.7232543569076, 34.723459, 34.7231417789863, 34.720529, 34.719047, 34.7194818606151, 34.7226091985997, 34.723264, 34.725803, 34.7257818952759, 34.7252056528749, 34.72424, 34.722873, 34.722873, 34.721701, 34.731273, 34.734593, 34.734789, 34.739672, 34.744101, 34.756662, 34.760329, 34.760372, 34.76662, 34.768378, 34.772868, 34.771911, 34.76994, 34.771697, 34.777238, 
34.783801, 34.7893275521772)))",970103
37031970702,"list(list(c(-76.939719, -76.938638, -76.938618, -76.938835, -76.895665, -76.882306, -76.876837, -76.876022, -76.8765, -76.879066, -76.879935, -76.879893, -76.877394, -76.876483, -76.876409, -76.873323, -76.87199, -76.870469, -76.86512, -76.867196, -76.873059, -76.877452, -76.887133, -76.887775, -76.889136, -76.892109, -76.897151, -76.901118, -76.902503, -76.907435, -76.910006, -76.915669, -76.919271, -76.926729, -76.9297, -76.929663, -76.933193, -76.933638, -76.931612, -76.929009, -76.927912, -76.92947, 
-76.933645, -76.935491, -76.936783, -76.939697, -76.939772, -76.938855, -76.939822, -76.939719, 34.816614, 34.819299, 34.826485, 34.82719, 34.834444, 34.836685, 34.827062, 34.823648, 34.821466, 34.815914, 34.812863, 34.81179, 34.793687, 34.789521, 34.789305, 34.781015, 34.777384, 34.774873, 34.770405, 34.767159, 34.768684, 34.767838, 34.764055, 34.764022, 34.764582, 34.765516, 34.76686, 34.765413, 34.764544, 34.763031, 34.763513, 34.761662, 34.764129, 34.766473, 34.765963, 34.766867, 34.779583, 34.782208, 
34.784835, 34.786858, 34.79223, 34.794236, 34.794631, 34.795548, 34.801239, 34.806067, 34.80725, 34.810772, 34.81447, 34.816614)))",970702
37031970904,"list(list(c(-77.0985139877001, -77.098485, -77.09763, -77.095443, -77.095253, -77.095633, -77.094682, -77.0942464702788, -77.092971, -77.091545, -77.088598, -77.088313, -77.085651, -77.083274, -77.081562, -77.07795, -77.075383, -77.070059, -77.067872, -77.0654, -77.062928, -77.0624183309247, -77.058175, -77.048382, -77.045625, -77.0394409027579, -77.035167, -77.0331452545715, -77.028607, -77.024805, -77.01853, -77.014632, -77.013016, -77.0126196250301, -77.012963, -77.01449, -77.021804, -77.024753, 
-77.024297, -77.034944, -77.0338743853971, -77.0347350572562, -77.0365359909336, -77.055769, -77.074851, -77.081333, -77.086792, -77.0876685188475, -77.092978, -77.0939893862784, -77.097439, -77.098771, -77.0985139877001, 34.6468882984145, 34.647023, 34.648275, 34.648901, 34.650543, 34.653124, 34.653984, 34.6537452350214, 34.653046, 34.653046, 34.65461, 34.656017, 34.656799, 34.65719, 34.658833, 34.660006, 34.660866, 34.662274, 34.663837, 34.663837, 34.664307, 34.6644662380763, 34.665792, 34.667825, 
34.668998, 34.6703852530245, 34.671344, 34.6716090458946, 34.672204, 34.673299, 34.674706, 34.676035, 34.675488, 34.6745112932002, 34.674334, 34.67333, 34.669829, 34.669041, 34.667105, 34.664831, 34.6604439028361, 34.6602376090797, 34.6598059447128, 34.655196, 34.650266, 34.648484, 34.646786, 34.6464752651418, 34.644593, 34.6445233977612, 34.644286, 34.645694, 34.6468882984145)))",970904
37031971003,"list(list(c(-76.9103590825994, -76.908056, -76.904158, -76.89969, -76.898074, -76.895507, -76.8939390425178, -76.892084, -76.890373, -76.887616, -76.8867215706857, -76.883623, -76.881341, -76.8811801568359, -76.880105, -76.877823, -76.874401, -76.870598, -76.868887, -76.8662721657155, -76.864989, -76.8642033226567, -76.861566, -76.858904, -76.855957, -76.8554594096169, -76.8547126460587, -76.854151, -76.850728, -76.85013830923, -76.848731, -76.844263, -76.841221, -76.837513, -76.8339, -76.830573, 
-76.827625, -76.824963, -76.822206, -76.819449, -76.816977, -76.813745, -76.809467, -76.805093, -76.801195, -76.797678, -76.792639, -76.789597, -76.7848312858614, -76.78481, -76.782183, -76.782188800735, -76.798133, -76.815161, -76.8174425217523, -76.823258768113, -76.834088, -76.847394, -76.856931, -76.8657887926352, -76.8666685769343, -76.8754099876681, -76.877938, -76.8826680882545, -76.8898937450413, -76.8959173926981, -76.896079, -76.9094930487099, -76.9100683682551, -76.910409810462, -76.9103590825994, 
34.6846378051174, 34.685026, 34.686511, 34.689091, 34.690264, 34.690733, 34.6910192908052, 34.691358, 34.691202, 34.690342, 34.6901493605784, 34.689482, 34.689873, 34.6899137313191, 34.690186, 34.69042, 34.69214, 34.693469, 34.694172, 34.6938050645578, 34.693625, 34.6936789392859, 34.69386, 34.693391, 34.694016, 34.6941022379789, 34.694231660456, 34.694329, 34.694172, 34.6944953407077, 34.695267, 34.695267, 34.696674, 34.698081, 34.699644, 34.701911, 34.703474, 34.703943, 34.704724, 34.704099, 34.703474, 
34.703396, 34.703239, 34.703786, 34.703474, 34.703474, 34.704412, 34.703943, 34.7034909126353, 34.69784, 34.69792, 34.6966038603467, 34.695601, 34.69419, 34.6939503600547, 34.6933394498331, 34.692202, 34.690811, 34.689607, 34.6885397808273, 34.6884337812053, 34.6873805841487, 34.687076, 34.6864233672399, 34.6854264090271, 34.6845952977276, 34.684573, 34.6825148560104, 34.6824265835963, 34.6846292547091, 34.6846378051174)))",971003
37031970606,"list(list(c(-76.846927, -76.844981, -76.843075, -76.838383, -76.838022, -76.836913, -76.838456, -76.838319, -76.836525, -76.835698, -76.83223, -76.826041, -76.823137, -76.820776, -76.819086, -76.817388, -76.817314, -76.813364, -76.804329, -76.802623, -76.80068, -76.795477, -76.795377, -76.787395, -76.783655, -76.774809, -76.777054, -76.781046, -76.780548, -76.78082479634, -76.782594, -76.786418, -76.793835, -76.800789, -76.8028773960964, -76.803206, -76.807047, -76.8076722609908, -76.810987, -76.818868, 
-76.82895, -76.835904, -76.8409604866116, -76.84193, -76.8458829734848, -76.846927, 34.729431, 34.734313, 34.734109, 34.732681, 34.732566, 34.736464, 34.740137, 34.74269, 34.746713, 34.747612, 34.745601, 34.74374, 34.742875, 34.742176, 34.741674, 34.74117, 34.741326, 34.740154, 34.737253, 34.736921, 34.736612, 34.735702, 34.73567, 34.733633, 34.732294, 34.729078, 34.729097, 34.727714, 34.725735, 34.7249102826024, 34.725257, 34.724971, 34.725828, 34.725066, 34.725066, 34.725066, 34.725066, 34.7251869261104, 
34.725828, 34.726304, 34.727638, 34.727924, 34.7291222513908, 34.729352, 34.7286212626668, 34.729431)))",970606
37031970301,"list(list(c(-76.69185, -76.691604, -76.691035, -76.689893, -76.68707, -76.686032, -76.686263, -76.68435, -76.682974, -76.67462, -76.672149, -76.669567, -76.664838, -76.662462, -76.660584, -76.640284, -76.634558, -76.634387, -76.633144, -76.630232, -76.62859, -76.626764, -76.624063, -76.623265, -76.624722, -76.626435, -76.631101, -76.631668, -76.630003, -76.630572, -76.628975, -76.6276, -76.626651, -76.627695, -76.627337, -76.626274, -76.627902, -76.629316, -76.630532, -76.628367, -76.625141, -76.623084, 
-76.622769, -76.621156, -76.620714, -76.612425, -76.6109931318476, -76.617267, -76.6172636731246, -76.617195, -76.61489, -76.617504, -76.618693, -76.6185448951164, -76.617742, -76.621545, -76.624159, -76.622451, -76.624872, -76.6244751261338, -76.626453, -76.627974, -76.628962, -76.633889, -76.63542, -76.637169, -76.64136, -76.643244, -76.647499, -76.647669, -76.650909, -76.651272, -76.65209, -76.65235, -76.652481, -76.652208, -76.651192, -76.657386, -76.67372, -76.673213, -76.671227, -76.685771, 
-76.686043, -76.686144, -76.685054, -76.685721, -76.686352, -76.686022, -76.686594, -76.688013, -76.689915, -76.690895, -76.691386, -76.691194, -76.689967, -76.689305, -76.689105, -76.691877, -76.69185, 34.871067, 34.879033, 34.882386, 34.884444, 34.888003, 34.892475, 34.895371, 34.897972, 34.899269, 34.901943, 34.903999, 34.905135, 34.910209, 34.912257, 34.910329, 34.902235, 34.899448, 34.898248, 34.897381, 34.897784, 34.897023, 34.896915, 34.893434, 34.893374, 34.890597, 34.879017, 34.847722, 34.844135, 
34.838181, 34.836734, 34.835639, 34.833769, 34.831371, 34.83087, 34.825329, 34.82413, 34.822612, 34.822628, 34.821074, 34.818429, 34.819112, 34.81818, 34.815485, 34.814273, 34.807907, 34.792675, 34.7888541558733, 34.7879, 34.7876564912063, 34.78263, 34.776773, 34.767987, 34.760372, 34.7592468077985, 34.753147, 34.748851, 34.746507, 34.737559, 34.733812, 34.7329816621368, 34.734178, 34.732888, 34.734527, 34.73713, 34.735072, 34.732655, 34.72786, 34.726467, 34.724463, 34.726375, 34.733388, 34.734136, 
34.735945, 34.737005, 34.73823, 34.740621, 34.748714, 34.749276, 34.749039, 34.750161, 34.756569, 34.7738, 34.775014, 34.784248, 34.790695, 34.796582, 34.80215, 34.806175, 34.80976, 34.814045, 34.818838, 34.822345, 34.825319, 34.827957, 34.832607, 34.837215, 34.840513, 34.869641, 34.871067)))",970301
37031970701,"list(list(c(-76.935798, -76.935691, -76.935675, -76.933548, -76.931614, -76.931186, -76.9304, -76.9297, -76.926729, -76.919271, -76.915669, -76.910006, -76.907435, -76.902503, -76.901118, -76.897151, -76.892109, -76.889136, -76.887775, -76.887133, -76.877452, -76.873059, -76.867196, -76.875287, -76.880714, -76.889003, -76.8894, -76.890586, -76.897593, -76.900545, -76.90111, -76.904303, -76.906202, -76.935937, -76.935798, 34.731427, 34.739059, 34.739216, 34.74608, 34.752057, 34.755497, 34.762929, 
34.765963, 34.766473, 34.764129, 34.761662, 34.763513, 34.763031, 34.764544, 34.765413, 34.76686, 34.765516, 34.764582, 34.764022, 34.764055, 34.767838, 34.768684, 34.767159, 34.75449, 34.746111, 34.733567, 34.732732, 34.729335, 34.728931, 34.729218, 34.729282, 34.729501, 34.729418, 34.72551, 34.731427)))",970701
37031970504,"list(list(c(-76.731293, -76.731024, -76.730947, -76.7289, -76.728825, -76.728439, -76.728356, -76.728276, -76.728265, -76.727902, -76.725433, -76.724996, -76.724559, -76.723421, -76.723096, -76.721994, -76.721944, -76.722637, -76.722288, -76.720236, -76.7132, -76.702607, -76.691573, -76.683855, -76.676836, -76.674288, -76.675095, -76.674743, -76.675259, -76.678956, -76.684168, -76.685293, -76.690881, -76.691207, -76.700314, -76.709561, -76.716285, -76.721682, -76.723901, -76.726666, -76.729107, -76.728532, 
-76.729704, -76.731282, -76.731293, 34.737655, 34.74023, 34.740531, 34.744588, 34.744819, 34.745911, 34.746187, 34.746788, 34.747313, 34.757225, 34.756738, 34.756661, 34.757596, 34.757928, 34.758452, 34.759292, 34.759612, 34.75981, 34.760306, 34.768331, 34.767342, 34.764346, 34.760876, 34.755776, 34.750161, 34.747782, 34.744871, 34.742047, 34.739298, 34.735314, 34.7349, 34.73465, 34.730372, 34.728429, 34.730597, 34.730511, 34.728557, 34.727128, 34.726895, 34.727173, 34.727955, 34.731561, 34.734148, 
34.737392, 34.737655)))",970504
37031970501,"list(list(c(-76.853027, -76.851529, -76.850342, -76.847913, -76.846688, -76.845873, -76.845424, -76.839923, -76.83788, -76.837332, -76.83336, -76.83239, -76.830982, -76.829432, -76.829261, -76.824707, -76.822432, -76.820704, -76.819155, -76.816875, -76.816297, -76.81175, -76.810239, -76.809347, -76.809826, -76.808847, -76.805955, -76.80461, -76.805324, -76.805045, -76.803312, -76.802644, -76.802699, -76.801332, -76.798318, -76.795858, -76.793842, -76.794216, -76.791077, -76.788927, -76.785577, -76.781895, 
-76.779546, -76.7786, -76.773495, -76.766001, -76.766494, -76.769571, -76.77017, -76.771997, -76.772783, -76.770737, -76.770121, -76.765482, -76.765403, -76.765821, -76.766984, -76.76778, -76.768493, -76.769262, -76.774809, -76.783655, -76.787395, -76.795377, -76.795477, -76.80068, -76.802623, -76.804329, -76.813364, -76.817314, -76.817388, -76.819086, -76.820776, -76.823137, -76.826041, -76.83223, -76.835698, -76.836908, -76.841111, -76.847059, -76.854628, -76.853027, 34.761843, 34.761224, 34.760998, 
34.761952, 34.762877, 34.764238, 34.764457, 34.767015, 34.768503, 34.768495, 34.766849, 34.76706, 34.768938, 34.769753, 34.767046, 34.766376, 34.766702, 34.7648, 34.766161, 34.766827, 34.764345, 34.762881, 34.765948, 34.765075, 34.76339, 34.76223, 34.762143, 34.763835, 34.765639, 34.76658, 34.766842, 34.766458, 34.764602, 34.762708, 34.761806, 34.762372, 34.760197, 34.758472, 34.754754, 34.75425, 34.752423, 34.752326, 34.753837, 34.75403, 34.753621, 34.753805, 34.748509, 34.745694, 34.740869, 34.736221, 
34.733917, 34.732882, 34.732604, 34.732555, 34.732326, 34.730985, 34.730153, 34.729439, 34.728472, 34.727059, 34.729078, 34.732294, 34.733633, 34.73567, 34.735702, 34.736612, 34.736921, 34.737253, 34.740154, 34.741326, 34.74117, 34.741674, 34.742176, 34.742875, 34.74374, 34.745601, 34.747612, 34.748374, 34.751027, 34.755795, 34.761946, 34.761843)))",970501
37031970801,"list(list(c(-77.16642, -77.164699, -77.161502, -77.161733, -77.159156, -77.158264, -77.156803, -77.15657, -77.153303, -77.152557, -77.149815, -77.1487, -77.147047, -77.145464, -77.143456, -77.14223, -77.139731, -77.137614, -77.137479, -77.135714, -77.13489, -77.13288, -77.131679, -77.131317, -77.129566, -77.128357, -77.119716, -77.117899, -77.101448, -77.099246, -77.097575, -77.096331, -77.092881, -77.092618, -77.092098, -77.086498, -77.084906, -77.078591, -77.078506, -77.07693, -77.071452, -77.070201, 
-77.068714, -77.068054, -77.067837, -77.067745, -77.067846, -77.069832, -77.072182, -77.073842, -77.075358, -77.075432, -77.076056, -77.07641, -77.078893, -77.080653, -77.081912, -77.083248, -77.084637, -77.087417, -77.088579, -77.091095, -77.093193, -77.095891, -77.099687, -77.105994, -77.106596, -77.109153, -77.113823, -77.12081, -77.121798, -77.122652, -77.123966, -77.125421, -77.125716, -77.124943, -77.125646, -77.126982, -77.130597, -77.131267, -77.133083, -77.134854, -77.135751, -77.137509, 
-77.138629, -77.139946, -77.142434, -77.143076, -77.143077, -77.144856, -77.148811, -77.150696, -77.154005, -77.1562, -77.157773, -77.158393, -77.158731, -77.15702, -77.153265, -77.151107, -77.150761, -77.152957, -77.153543, -77.153322, -77.155053, -77.157585, -77.158684, -77.160275, -77.160401, -77.159501, -77.157254, -77.15741, -77.159316, -77.161644, -77.16323, -77.165734, -77.166427, -77.165253, -77.165986, -77.162995, -77.162101, -77.162731, -77.165714, -77.167769, -77.16642, 34.791435, 34.790316, 
34.793435, 34.794845, 34.794244, 34.793513, 34.794187, 34.793207, 34.792571, 34.793309, 34.792702, 34.793889, 34.793415, 34.794053, 34.793857, 34.797004, 34.796986, 34.797857, 34.797127, 34.797993, 34.797062, 34.79699, 34.798138, 34.792398, 34.790225, 34.789616, 34.786727, 34.785962, 34.776254, 34.774521, 34.771596, 34.766381, 34.752091, 34.75098, 34.749162, 34.741345, 34.739194, 34.730608, 34.730492, 34.728329, 34.720364, 34.718407, 34.716076, 34.714675, 34.713946, 34.711871, 34.711228, 34.711125, 
34.712103, 34.712195, 34.710803, 34.710709, 34.710222, 34.710005, 34.709069, 34.708825, 34.708877, 34.709168, 34.709773, 34.711879, 34.712331, 34.712573, 34.712551, 34.712349, 34.711633, 34.710106, 34.712327, 34.717874, 34.724066, 34.730218, 34.731534, 34.735258, 34.74197, 34.746283, 34.750487, 34.754385, 34.756707, 34.757789, 34.75847, 34.758918, 34.762194, 34.764158, 34.764609, 34.763824, 34.761093, 34.75974, 34.76009, 34.761787, 34.765097, 34.766686, 34.768423, 34.768215, 34.76603, 34.76548, 34.765949, 
34.766563, 34.769058, 34.769953, 34.76993, 34.770298, 34.771396, 34.772876, 34.774447, 34.776233, 34.776706, 34.773569, 34.773569, 34.77463, 34.77618, 34.777795, 34.779403, 34.780827, 34.781997, 34.781125, 34.779218, 34.779329, 34.78106, 34.784076, 34.785032, 34.785526, 34.786702, 34.787678, 34.788146, 34.791, 34.791435)))",970801
37031970305,"list(list(c(-76.692721, -76.690796, -76.691207, -76.690881, -76.685293, -76.684168, -76.678956, -76.675259, -76.674743, -76.675095, -76.674288, -76.67372, -76.657386, -76.651192, -76.652208, -76.652481, -76.65235, -76.65209, -76.651272, -76.650909, -76.647669, -76.647499, -76.649919, -76.654732, -76.655698, -76.656943, -76.659972, -76.660771, -76.656182, -76.650331, -76.649997, -76.6473767038178, -76.649353, -76.655295, -76.669794, -76.672728, -76.6775423957583, -76.678291, -76.680725, -76.680609, 
-76.679334, -76.680725, -76.682811, -76.687215, -76.68988, -76.69046, -76.6927737848951, -76.692721, 34.7176, 34.72109, 34.728429, 34.730372, 34.73465, 34.7349, 34.735314, 34.739298, 34.742047, 34.744871, 34.747782, 34.749039, 34.749276, 34.748714, 34.740621, 34.73823, 34.737005, 34.735945, 34.734136, 34.733388, 34.726375, 34.724463, 34.721741, 34.719616, 34.718969, 34.717458, 34.713742, 34.712481, 34.711835, 34.711684, 34.709577, 34.7089587670501, 34.709392, 34.709979, 34.711151, 34.714683, 34.714765215998, 
34.714778, 34.712587, 34.708681, 34.706776, 34.706204, 34.707252, 34.70992, 34.713921, 34.716017, 34.7159139372866, 34.7176)))",970305
37031971103,"list(list(c(-76.7848312858614, -76.7847827069221, -76.784653, -76.7841644084598, -76.7833332066973, -76.7824780423038, -76.781516, -76.776572, -76.772674, -76.7705138822524, -76.769632, -76.7670030667024, -76.766684, -76.762786, -76.757462, -76.752043, -76.747575, -76.745769, -76.746149, -76.7458058143725, -76.745578, -76.742061, -76.74022947432, -76.738638, -76.736737, -76.73474, -76.733314, -76.732173, -76.732554, -76.730557, -76.72742, -76.7264880090488, -76.724663, -76.7218192110244, -76.720289, 
-76.716011, -76.711257, -76.707835, -76.705648, -76.7029882732547, -76.702606, -76.7018878467516, -76.701275, -76.703176, -76.703652, -76.70194, -76.698898, -76.696902, -76.693384, -76.68806, -76.685683, -76.682641, -76.68112, -76.677792, -76.675986, -76.675701, -76.676271, -76.677697, -76.682831, -76.68806, -76.693574, -76.698213, -76.6996665916248, -76.7009482973567, -76.705947, -76.713064, -76.72067, -76.725047, -76.7293982562645, -76.730144658566, -76.733535, -76.743203, -76.7618912315244, -76.762969, 
-76.779452, -76.782188800735, -76.782183, -76.78481, -76.7848312858614, 34.7034909126353, 34.7034863043177, 34.703474, 34.7035834930994, 34.7037697649639, 34.7039614068411, 34.704177, 34.703161, 34.702692, 34.7028588730015, 34.702927, 34.7002784477972, 34.699957, 34.701051, 34.702458, 34.702692, 34.701989, 34.703083, 34.709726, 34.7111822850708, 34.712149, 34.712384, 34.7118403744987, 34.711368, 34.710977, 34.708867, 34.706678, 34.704334, 34.702223, 34.700816, 34.701754, 34.7022827028827, 34.703318, 
34.7032666375562, 34.703239, 34.704255, 34.704021, 34.702927, 34.700973, 34.6999474051702, 34.6998, 34.7007701273784, 34.701598, 34.704412, 34.707929, 34.711055, 34.712305, 34.711289, 34.70746, 34.701832, 34.699409, 34.698159, 34.699878, 34.699175, 34.69769, 34.695658, 34.694329, 34.693625, 34.693938, 34.693781, 34.693781, 34.694071, 34.6942969137746, 34.6944961134501, 34.695273, 34.69597, 34.696596, 34.697012, 34.6972206429429, 34.6972564329685, 34.697419, 34.697706, 34.6974620678067, 34.697448, 
34.696776, 34.6966038603467, 34.69792, 34.69784, 34.7034909126353)))",971103
37031980100,"list(list(c(-76.330138, -76.328617, -76.32605, -76.323578, -76.321201, -76.320916, -76.317874, -76.315877, -76.31331, -76.310363, -76.308842, -76.30637, -76.304659, -76.301712, -76.300856, -76.297433, -76.296102, -76.294391, -76.291824, -76.289162, -76.28707, -76.285644, -76.286405, -76.285644, -76.283363, -76.27975, -76.2795307437822, -76.276232, -76.27376, -76.269387, -76.265584, -76.264633, -76.262542, -76.259405, -76.256933, -76.254746, -76.253985, -76.254081, -76.252179, -76.249517, -76.24676, 
-76.244003, -76.240675, -76.238108, -76.235351, -76.231263, -76.229077, -76.226985, -76.224323, -76.222992, -76.220425, -76.218048, -76.213295, -76.210918, -76.208826, -76.205499, -76.203217, -76.20084, -76.20084, -76.198083, -76.197323, -76.195897, -76.193044, -76.190858, -76.188196, -76.185058, -76.181731, -76.18002, -76.177453, -76.175741, -76.176502, -76.175076, -76.173174, -76.171558, -76.169181, -76.166424, -76.165759, -76.163287, -76.159959, -76.157583, -76.154825, -76.151783, -76.152449, 
-76.152734, -76.151783, -76.149597, -76.146554, -76.143987, -76.143892, -76.141325, -76.138948, -76.135906, -76.132484, -76.129346, -76.128015, -76.123452, -76.120695, -76.117938, -76.113754, -76.112899, -76.110997, -76.110617, -76.108145, -76.103677, -76.098733, -76.097212, -76.094455, -76.092553, -76.088846, -76.086088, -76.085138, -76.087039, -76.085708, -76.084567, -76.083426, -76.081145, -76.080004, -76.077912, -76.075726, -76.076771, -76.075916, -76.072113, -76.06831, -76.064792, -76.060514, 
-76.057852, -76.053954, -76.048535, -76.04188, -76.037792, -76.036746, -76.037507, -76.04188, -76.050627, -76.059278, -76.063932, -76.074109, -76.080955, -76.096451, -76.110997, -76.129251, -76.158248, -76.185629, -76.199794, -76.21415, -76.231739, -76.242577, -76.257693, -76.275662, -76.2778537450486, -76.286785, -76.30019, -76.313025, -76.322627, -76.327096, -76.328807, -76.330328, -76.330138, 34.847942, 34.849815, 34.849659, 34.848801, 34.850517, 34.853404, 34.854418, 34.858553, 34.859801, 34.861439, 
34.863546, 34.864482, 34.866276, 34.867992, 34.869552, 34.872204, 34.876494, 34.880472, 34.885697, 34.88866, 34.889284, 34.887802, 34.885073, 34.883981, 34.882655, 34.883981, 34.8840976707333, 34.885853, 34.889752, 34.892715, 34.895912, 34.898018, 34.899889, 34.900825, 34.902384, 34.90332, 34.905425, 34.906673, 34.908154, 34.909713, 34.910181, 34.91291, 34.915638, 34.917743, 34.920316, 34.922966, 34.924681, 34.925694, 34.929358, 34.931073, 34.933021, 34.936217, 34.940503, 34.94214, 34.944634, 34.945647, 
34.948219, 34.950089, 34.952349, 34.954842, 34.956634, 34.958972, 34.96053, 34.963101, 34.96466, 34.967776, 34.969178, 34.971126, 34.971438, 34.972217, 34.97432, 34.976891, 34.978449, 34.980474, 34.979851, 34.980552, 34.983512, 34.984681, 34.984525, 34.984914, 34.984525, 34.986784, 34.989042, 34.99208, 34.994572, 34.996675, 34.998544, 35.000881, 35.003217, 35.005709, 35.006799, 35.010303, 35.012406, 35.01334, 35.014197, 35.016766, 35.018168, 35.021983, 35.022683, 35.025486, 35.027355, 35.03187, 35.034595, 
35.03693, 35.03693, 35.039888, 35.0416, 35.043936, 35.045181, 35.048061, 35.051096, 35.052808, 35.055143, 35.057167, 35.059035, 35.060747, 35.062303, 35.063782, 35.066349, 35.067828, 35.069929, 35.071952, 35.072497, 35.073119, 35.071874, 35.071796, 35.071407, 35.069151, 35.064482, 35.061914, 35.059735, 35.057011, 35.053976, 35.049306, 35.046037, 35.043585, 35.039032, 35.034906, 35.023773, 35.012795, 34.998934, 34.976579, 34.955933, 34.944088, 34.932086, 34.916964, 34.907764, 34.896458, 34.883591, 
34.881977388546, 34.875402, 34.866042, 34.855588, 34.848099, 34.845056, 34.844665, 34.845212, 34.847942)), list(c(-76.553628, -76.553887, -76.551811, -76.550414, -76.550301, -76.550586, -76.551822, -76.550586, -76.547449, -76.540413, -76.537086, -76.538227, -76.536801, -76.532237, -76.52948, -76.528149, -76.528244, -76.524631, -76.522159, -76.520733, -76.515029, -76.511226, -76.508374, -76.505997, -76.501339, -76.500578, -76.497726, -76.499913, -76.50305, -76.5024571334244, -76.502004, -76.497251, 
-76.493828, -76.491451, -76.489074, -76.485747, -76.48337, -76.478807, -76.47643, -76.475194, -76.471962, -76.474433, -76.473958, -76.469585, -76.466162, -76.464451, -76.461599, -76.458271, -76.454373, -76.451426, -76.448764, -76.448098, -76.445151, -76.441539, -76.441824, -76.441729, -76.440112, -76.437831, -76.439067, -76.440778, -76.439257, -76.4387862157209, -76.437736, -76.438781, -76.439732, -76.438116, -76.433362, -76.432317, -76.429845, -76.424901, -76.422239, -76.418531, -76.41644, -76.413587, 
-76.412542, -76.413492, -76.414253, -76.412447, -76.413397, -76.413968, -76.412827, -76.408073, -76.402844, -76.402939, -76.402559, -76.402559, -76.402559, -76.399517, -76.397615, -76.389344, -76.387348, -76.383259, -76.380027, -76.376414, -76.373467, -76.372421, -76.369474, -76.366527, -76.3656263273021, -76.36396, -76.364435, -76.363675, -76.358826, -76.354643, -76.352646, -76.347798, -76.346562, -76.343329, -76.340382, -76.33753, -76.33734, -76.340002, -76.345136, -76.352836, -76.3613369409458, 
-76.365861, -76.377935, -76.3906976147934, -76.392291, -76.399327, -76.4208643942893, -76.421859, -76.434503, -76.450856, -76.46388, -76.477381, -76.488124, -76.4909617346091, -76.49668, -76.502955, -76.509705, -76.517881, -76.524536, -76.528339, -76.531001, -76.532998, -76.53547, -76.541079, -76.54878, -76.552963, -76.554769, -76.553628, 34.623165, 34.62795, 34.630451, 34.630916, 34.627468, 34.624104, 34.620192, 34.616045, 34.613698, 34.613855, 34.612837, 34.611116, 34.609708, 34.61049, 34.614324, 
34.617375, 34.621287, 34.623634, 34.626999, 34.63091, 34.637872, 34.644129, 34.648744, 34.656017, 34.660866, 34.663916, 34.666809, 34.669937, 34.672517, 34.6737577121739, 34.674706, 34.676113, 34.67885, 34.685808, 34.689482, 34.691358, 34.696439, 34.700191, 34.700816, 34.703239, 34.706053, 34.709023, 34.711368, 34.712931, 34.715822, 34.719417, 34.722386, 34.723246, 34.725277, 34.725043, 34.727231, 34.729184, 34.731763, 34.733794, 34.735982, 34.739498, 34.74106, 34.742466, 34.745591, 34.747153, 34.750278, 
34.7514142584408, 34.753949, 34.75723, 34.75848, 34.761292, 34.762619, 34.765119, 34.765353, 34.764338, 34.762776, 34.762073, 34.764572, 34.765119, 34.767774, 34.770195, 34.772382, 34.774803, 34.777848, 34.779176, 34.780659, 34.783861, 34.783861, 34.786672, 34.788858, 34.7896951341983, 34.791357, 34.793074, 34.792137, 34.791591, 34.79323, 34.794948, 34.79893, 34.803614, 34.807205, 34.810561, 34.812513, 34.814464, 34.8153951980289, 34.817118, 34.820006, 34.823362, 34.825235, 34.826561, 34.828513, 
34.829059, 34.8314, 34.833351, 34.836628, 34.838813, 34.836706, 34.833663, 34.828434, 34.820162, 34.8116029720105, 34.807048, 34.79526, 34.7823489206851, 34.780737, 34.773241, 34.7483800871617, 34.747232, 34.734107, 34.715119, 34.700035, 34.68401, 34.671031, 34.6674519917991, 34.66024, 34.650778, 34.638263, 34.62559, 34.615732, 34.608377, 34.603213, 34.59703, 34.591552, 34.599222, 34.608064, 34.614637, 34.619488, 34.623165)), list(c(-76.665486, -76.663151, -76.659376244922, -76.659253, -76.6591646038923, 
-76.65469, -76.652693, -76.650697, -76.64851, -76.647084, -76.644327, -76.636626, -76.63501, -76.629306, -76.623411, -76.617897, -76.614855, -76.611337, -76.606013, -76.598597, -76.595935, -76.592037, -76.58928, -76.587854, -76.585382, -76.583291, -76.580248, -76.574924, -76.571597, -76.565512, -76.564657, -76.562185, -76.557811, -76.552202, -76.548494, -76.541459, -76.540223, -76.537561, -76.533663, -76.530241, -76.530906, -76.530431, -76.528719, -76.528815, -76.530146, -76.532237, -76.535565, -76.538607, 
-76.54241, -76.547354, -76.553153, -76.561044, -76.570551, -76.585668, -76.599168, -76.607819, -76.619893, -76.630637, -76.643756, -76.650411, -76.655831, -76.660489, -76.664957, -76.665486, 34.689743, 34.689248, 34.6901563428074, 34.690186, 34.6901769143602, 34.689717, 34.689248, 34.689013, 34.686902, 34.686355, 34.686668, 34.685026, 34.685104, 34.683619, 34.680804, 34.678772, 34.677677, 34.675723, 34.673768, 34.672282, 34.670406, 34.669937, 34.67197, 34.671188, 34.668998, 34.666809, 34.66501, 34.663916, 
34.662352, 34.659615, 34.657972, 34.65719, 34.654532, 34.652342, 34.652029, 34.650465, 34.648118, 34.646789, 34.645225, 34.643582, 34.638889, 34.636308, 34.633413, 34.631536, 34.630128, 34.630362, 34.631692, 34.634978, 34.640297, 34.645537, 34.649448, 34.653593, 34.658285, 34.663916, 34.66806, 34.670328, 34.673533, 34.675879, 34.678303, 34.679944, 34.68315, 34.685964, 34.688231, 34.689743)))",9801
37031990100,list(),9901
37031990200,list(),9902
